 ,XM,YM,Slice
1,532.99717,444.03801,51
2,513.99173,452.97336,40
3,501.96935,461.94664,51
4,493.95073,463.99865,47
5,513.99173,452.97336,40
6,472.96242,468.05402,51
7,493.95073,463.99865,47
8,513.99173,452.97336,40
