 ,XM,YM,Slice
1,490.99460,117.84887,51
