 ,XM,YM,Slice
1,564.03483,341.01464,51
