 ,XM,YM,Slice
1,182.97788,349.04283,51
