 ,XM,YM,Slice
1,539.06337,353.95781,51
