 ,XM,YM,Slice
1,440.99866,429.08019,60
