 ,XM,YM,Slice
1,402.95779,295.98913,50
