 ,XM,YM,Slice
1,343.01769,443.14294,51
