 ,XM,YM,Slice
1,343.00397,430.13029,51
