 ,XM,YM,Slice
1,197.98912,300.00403,51
