 ,XM,YM,Slice
1,93.93631,335.91606,51
