 ,XM,YM,Slice
1,184.01397,393.02602,52
