 ,XM,YM,Slice
1,457.02113,305.86464,50
