 ,XM,YM,Slice
1,240.00182,318.07329,51
