 ,XM,YM,Slice
1,357.01409,324.97908,51
