 ,XM,YM,Slice
1,349.09767,356.08472,51
