 ,XM,YM,Slice
1,314.88968,111.76182,51
