 ,XM,YM,Slice
1,466.97639,116.87393,50
