 ,XM,YM,Slice
1,503.92072,129.86952,50
