 ,XM,YM,Slice
1,438.95273,441.97135,50
