 ,XM,YM,Slice
1,262.03925,270.05677,51
