 ,XM,YM,Slice
1,274.95984,196.04156,50
