 ,XM,YM,Slice
1,366.99472,186.01639,60
