 ,XM,YM,Slice
1,426.11037,265.90790,51
