 ,XM,YM,Slice
1,104.93686,387.05522,51
