 ,XM,YM,Slice
1,441.96517,174.98512,51
