 ,XM,YM,Slice
1,213.99641,395.99193,51
