 ,XM,YM,Slice
1,466.02629,427.05466,51
