 ,XM,YM,Slice
1,355.98809,321.02661,51
