 ,XM,YM,Slice
1,392.02392,429.01642,51
