 ,XM,YM,Slice
1,230.96774,86.99992,51
