 ,XM,YM,Slice
1,412.98000,276.00553,51
