 ,XM,YM,Slice
1,73.86518,359.04287,51
