 ,XM,YM,Slice
1,201.96247,109.01444,51
