 ,XM,YM,Slice
1,131.86803,384.98505,51
