 ,XM,YM,Slice
1,112.89117,239.00910,51
