 ,XM,YM,Slice
1,443.02780,405.07865,50
