 ,XM,YM,Slice
1,451.95333,413.09251,51
2,462.10947,421.88160,46
3,471.96681,434.07522,40
4,479.01367,429.77583,51
5,462.10947,421.88160,46
6,471.96681,434.07522,40
7,465.02833,437.75053,51
8,485.05595,440.95692,48
9,471.96681,434.07522,40
10,508.02691,447.92784,51
11,485.05595,440.95692,48
12,471.96681,434.07522,40
