 ,XM,YM,Slice
1,121.02171,275.03798,50
