 ,XM,YM,Slice
1,533.07976,151.74893,50
