 ,XM,YM,Slice
1,111.00621,216.01273,50
