 ,XM,YM,Slice
1,291.98239,462.02124,51
