 ,XM,YM,Slice
1,333.98009,333.03087,51
