 ,XM,YM,Slice
1,417.92594,302.97747,51
