 ,XM,YM,Slice
1,191.98996,254.98080,60
