 ,XM,YM,Slice
1,278.96055,119.90758,51
