 ,XM,YM,Slice
1,541.08137,244.86860,51
