 ,XM,YM,Slice
1,153.87020,371.92205,51
