 ,XM,YM,Slice
1,314.03458,429.07120,51
