 ,XM,YM,Slice
1,477.97735,82.85867,51
