 ,XM,YM,Slice
1,458.93393,124.94072,60
