 ,XM,YM,Slice
1,408.98809,107.97508,51
