 ,XM,YM,Slice
1,344.97907,199.02377,51
