 ,XM,YM,Slice
1,175.90008,405.05709,52
