 ,XM,YM,Slice
1,382.95108,239.09488,50
