 ,XM,YM,Slice
1,101.75097,123.94779,51
