 ,XM,YM,Slice
1,139.85123,367.02517,51
