 ,XM,YM,Slice
1,496.00611,260.06045,50
