 ,XM,YM,Slice
1,162.95494,418.09621,51
