 ,XM,YM,Slice
1,451.99765,384.01248,50
