 ,XM,YM,Slice
1,90.82348,159.93882,51
