 ,XM,YM,Slice
1,321.91557,159.09278,51
