 ,XM,YM,Slice
1,454.03204,197.98534,51
