 ,XM,YM,Slice
1,559.01639,334.96151,60
