 ,XM,YM,Slice
1,179.00215,434.06209,51
2,367.00923,436.05002,51
