 ,XM,YM,Slice
1,269.98391,86.99840,51
