 ,XM,YM,Slice
1,465.94497,80.86319,51
