 ,XM,YM,Slice
1,135.88921,211.93664,50
