 ,XM,YM,Slice
1,512.08718,456.15082,51
