 ,XM,YM,Slice
1,98.86579,318.99380,51
