 ,XM,YM,Slice
1,450.97985,428.01483,51
