 ,XM,YM,Slice
1,134.74677,220.97478,51
