 ,XM,YM,Slice
1,103.93415,297.98635,51
