 ,XM,YM,Slice
1,359.99619,402.01813,51
