 ,XM,YM,Slice
1,85.98083,314.88116,50
