 ,XM,YM,Slice
1,264.04699,430.02023,51
