 ,XM,YM,Slice
1,244.97292,326.13514,51
