 ,XM,YM,Slice
1,224.99301,430.06647,51
