 ,XM,YM,Slice
1,264.94770,348.95566,51
