 ,XM,YM,Slice
1,163.99088,363.00240,51
