 ,XM,YM,Slice
1,467.01003,91.77647,51
