 ,XM,YM,Slice
1,235.05625,184.03176,50
