 ,XM,YM,Slice
1,365.06619,254.06974,51
