 ,XM,YM,Slice
1,405.03302,229.96164,60
