 ,XM,YM,Slice
1,133.98016,380.01958,51
