 ,XM,YM,Slice
1,311.04791,123.97993,51
