 ,XM,YM,Slice
1,201.97605,135.71834,50
