 ,XM,YM,Slice
1,117.93949,379.08021,51
