 ,XM,YM,Slice
1,365.98965,304.98461,60
