 ,XM,YM,Slice
1,176.98265,427.08539,51
