 ,XM,YM,Slice
1,252.99684,136.95785,51
