 ,XM,YM,Slice
1,473.98536,376.90523,50
