 ,XM,YM,Slice
1,345.92552,209.01755,50
