 ,XM,YM,Slice
1,173.90771,248.01321,50
