 ,XM,YM,Slice
1,115.01777,217.02124,51
