 ,XM,YM,Slice
1,128.82377,334.00288,51
