 ,XM,YM,Slice
1,502.96557,269.95589,60
