 ,XM,YM,Slice
1,384.04264,373.93537,50
