 ,XM,YM,Slice
1,424.04410,317.96321,51
