 ,XM,YM,Slice
1,329.04757,410.04281,51
