 ,XM,YM,Slice
1,341.01943,457.05068,50
