 ,XM,YM,Slice
1,333.98594,433.10166,51
