 ,XM,YM,Slice
1,414.07313,119.94425,51
