 ,XM,YM,Slice
1,387.07799,437.02903,50
