 ,XM,YM,Slice
1,503.01052,267.08782,50
