 ,XM,YM,Slice
1,160.99014,105.84480,51
