 ,XM,YM,Slice
1,165.01093,129.02916,51
