 ,XM,YM,Slice
1,481.00657,231.93354,50
