 ,XM,YM,Slice
1,319.00430,105.89456,51
