 ,XM,YM,Slice
1,517.05042,384.98847,60
