 ,XM,YM,Slice
1,302.98665,253.11933,50
