 ,XM,YM,Slice
1,316.96800,429.00711,51
