 ,XM,YM,Slice
1,318.99323,278.02420,50
