 ,XM,YM,Slice
1,368.96200,233.05204,51
