 ,XM,YM,Slice
1,268.98194,241.01477,50
