 ,XM,YM,Slice
1,146.01940,437.98412,50
