 ,XM,YM,Slice
1,386.98267,118.94029,51
