 ,XM,YM,Slice
1,275.98327,387.96486,50
