 ,XM,YM,Slice
1,172.02648,254.96034,51
