 ,XM,YM,Slice
1,423.95412,367.97463,60
