 ,XM,YM,Slice
1,428.93860,361.92358,51
