 ,XM,YM,Slice
1,375.02350,133.87811,50
