 ,XM,YM,Slice
1,98.86921,257.97695,51
