 ,XM,YM,Slice
1,359.95464,293.93688,50
