 ,XM,YM,Slice
1,360.99373,434.96683,51
