 ,XM,YM,Slice
1,278.01660,415.02700,60
