 ,XM,YM,Slice
1,380.93508,107.86042,50
