 ,XM,YM,Slice
1,112.97876,218.02421,51
