 ,XM,YM,Slice
1,162.94236,252.06076,51
