 ,XM,YM,Slice
1,78.95578,372.03080,51
