 ,XM,YM,Slice
1,322.99837,449.00099,51
