 ,XM,YM,Slice
1,229.97304,133.88918,50
