 ,XM,YM,Slice
1,141.94579,377.99829,51
