 ,XM,YM,Slice
1,309.98129,401.00105,51
