 ,XM,YM,Slice
1,261.98200,109.97866,51
