 ,XM,YM,Slice
1,418.00829,442.06280,51
