 ,XM,YM,Slice
1,519.03570,88.89462,51
