 ,XM,YM,Slice
1,554.03618,126.88633,51
