 ,XM,YM,Slice
1,309.00674,119.02350,51
