 ,XM,YM,Slice
1,498.96525,163.02003,50
