 ,XM,YM,Slice
1,272.02279,331.06445,50
