 ,XM,YM,Slice
1,303.96558,201.94241,51
