 ,XM,YM,Slice
1,524.99702,378.09894,50
