 ,XM,YM,Slice
1,104.85444,426.92610,50
