 ,XM,YM,Slice
1,101.89996,178.93016,50
2,109.96569,178.93300,46
3,123.96994,177.94832,50
4,109.96569,178.93300,46
