 ,XM,YM,Slice
1,426.01221,252.96296,51
