 ,XM,YM,Slice
1,529.07761,222.01738,51
