 ,XM,YM,Slice
1,330.96510,369.05827,50
