 ,XM,YM,Slice
1,467.06733,106.69619,51
