 ,XM,YM,Slice
1,116.96772,324.01339,51
