 ,XM,YM,Slice
1,125.97857,90.83459,51
