 ,XM,YM,Slice
1,528.23779,275.13271,51
