 ,XM,YM,Slice
1,422.02038,395.99573,51
