 ,XM,YM,Slice
1,347.98414,339.91710,50
