 ,XM,YM,Slice
1,96.86771,306.84571,51
