 ,XM,YM,Slice
1,419.98904,447.00058,60
