 ,XM,YM,Slice
1,398.05402,309.02651,60
