 ,XM,YM,Slice
1,124.03728,361.99416,50
