 ,XM,YM,Slice
1,498.01941,427.10063,51
