 ,XM,YM,Slice
1,109.83616,131.83244,51
