 ,XM,YM,Slice
1,173.95870,173.06931,50
