 ,XM,YM,Slice
1,356.95142,204.97908,51
