 ,XM,YM,Slice
1,546.01401,204.96511,50
