 ,XM,YM,Slice
1,74.73963,365.04562,51
