 ,XM,YM,Slice
1,290.92069,391.88384,51
