 ,XM,YM,Slice
1,422.96905,287.90347,51
2,434.00586,289.14913,48
3,447.97542,287.85861,51
4,434.00586,289.14913,48
