 ,XM,YM,Slice
1,262.01621,400.92044,50
