 ,XM,YM,Slice
1,319.99952,120.00339,51
2,346.96733,112.85208,46
3,378.99218,106.82085,39
4,350.98173,108.88519,51
5,346.96733,112.85208,46
6,378.99218,106.82085,39
7,377.99071,105.97966,51
8,386.03225,108.93267,46
9,378.99218,106.82085,39
10,412.98962,114.96409,51
11,386.03225,108.93267,46
12,378.99218,106.82085,39
