 ,XM,YM,Slice
1,175.01999,171.99265,50
