 ,XM,YM,Slice
1,104.79162,401.96512,51
