 ,XM,YM,Slice
1,230.92679,321.02583,51
