 ,XM,YM,Slice
1,551.00883,411.08021,51
