 ,XM,YM,Slice
1,505.04096,82.17395,60
