 ,XM,YM,Slice
1,456.00215,291.01290,60
