 ,XM,YM,Slice
1,117.03397,318.00296,51
