 ,XM,YM,Slice
1,147.90696,410.07103,51
