 ,XM,YM,Slice
1,515.93933,258.13784,50
