 ,XM,YM,Slice
1,359.96718,129.03400,51
