 ,XM,YM,Slice
1,471.96435,187.04720,60
