 ,XM,YM,Slice
1,314.06798,110.91948,50
