 ,XM,YM,Slice
1,87.96944,192.02654,51
