 ,XM,YM,Slice
1,197.98704,81.04477,51
