 ,XM,YM,Slice
1,87.92929,245.05338,51
