 ,XM,YM,Slice
1,400.95088,302.08543,51
