 ,XM,YM,Slice
1,86.91943,294.03087,51
