 ,XM,YM,Slice
1,238.94441,122.86798,50
