 ,XM,YM,Slice
1,449.94730,420.00856,51
