 ,XM,YM,Slice
1,532.97712,345.02512,60
