 ,XM,YM,Slice
1,152.98529,304.03679,50
