 ,XM,YM,Slice
1,556.04168,440.00018,60
