 ,XM,YM,Slice
1,487.98465,442.03569,60
