 ,XM,YM,Slice
1,536.99401,315.99808,50
