 ,XM,YM,Slice
1,165.98684,301.00937,51
