 ,XM,YM,Slice
1,100.97844,200.92296,51
