 ,XM,YM,Slice
1,289.98642,119.99272,51
2,283.95946,117.84097,43
3,275.94343,126.87078,51
4,283.95946,117.84097,43
