 ,XM,YM,Slice
1,196.98570,457.14567,51
