 ,XM,YM,Slice
1,567.05228,282.90057,60
