 ,XM,YM,Slice
1,204.99345,412.02662,51
