 ,XM,YM,Slice
1,377.05869,429.06504,51
