 ,XM,YM,Slice
1,240.02209,95.79180,51
