 ,XM,YM,Slice
1,411.83112,370.91593,52
