 ,XM,YM,Slice
1,343.03196,126.99932,51
