 ,XM,YM,Slice
1,485.99454,321.91671,51
