 ,XM,YM,Slice
1,130.06329,160.00762,51
