 ,XM,YM,Slice
1,135.93378,185.02860,51
