 ,XM,YM,Slice
1,223.96378,96.02470,51
