 ,XM,YM,Slice
1,216.98482,443.02463,51
