 ,XM,YM,Slice
1,187.01505,398.95220,52
