 ,XM,YM,Slice
1,106.98454,153.97980,50
