 ,XM,YM,Slice
1,264.99191,430.10050,51
