 ,XM,YM,Slice
1,377.00340,271.01257,50
