 ,XM,YM,Slice
1,482.96508,362.95250,50
