 ,XM,YM,Slice
1,299.00685,425.99520,51
