 ,XM,YM,Slice
1,514.99456,455.16936,50
