 ,XM,YM,Slice
1,415.99403,422.05972,51
