 ,XM,YM,Slice
1,243.11858,288.88850,51
