 ,XM,YM,Slice
1,234.01051,483.14118,50
