 ,XM,YM,Slice
1,92.03969,366.01565,51
