 ,XM,YM,Slice
1,179.91495,109.01754,51
