 ,XM,YM,Slice
1,68.87489,223.95908,51
