 ,XM,YM,Slice
1,197.85890,92.85864,51
