 ,XM,YM,Slice
1,153.96741,455.12930,50
