 ,XM,YM,Slice
1,398.96919,462.92604,60
