 ,XM,YM,Slice
1,279.01525,432.06997,51
