 ,XM,YM,Slice
1,225.00187,364.97801,51
