 ,XM,YM,Slice
1,469.05543,128.01939,51
