 ,XM,YM,Slice
1,496.97802,83.89967,51
