 ,XM,YM,Slice
1,494.04857,454.21961,51
