 ,XM,YM,Slice
1,126.92785,381.07131,50
