 ,XM,YM,Slice
1,318.99929,119.83543,51
