 ,XM,YM,Slice
1,171.94798,124.88976,51
