 ,XM,YM,Slice
1,399.00456,192.09329,51
