 ,XM,YM,Slice
1,330.02435,344.96839,50
