 ,XM,YM,Slice
1,389.08011,212.04256,50
