 ,XM,YM,Slice
1,471.95802,130.90449,50
