 ,XM,YM,Slice
1,470.95379,455.99313,51
