 ,XM,YM,Slice
1,476.98321,406.98967,51
