 ,XM,YM,Slice
1,503.87976,109.79532,50
2,504.98914,118.96329,46
3,505.09505,129.04624,50
4,504.98914,118.96329,46
