 ,XM,YM,Slice
1,127.01720,293.06661,51
