 ,XM,YM,Slice
1,308.00646,444.19129,51
