 ,XM,YM,Slice
1,209.98780,288.95344,50
