 ,XM,YM,Slice
1,295.01355,234.97071,51
