 ,XM,YM,Slice
1,402.92759,314.14021,51
