 ,XM,YM,Slice
1,154.97361,368.02379,50
