 ,XM,YM,Slice
1,327.01727,111.89307,51
