 ,XM,YM,Slice
1,86.92536,202.98427,51
