 ,XM,YM,Slice
1,95.96830,271.97877,50
