 ,XM,YM,Slice
1,335.97050,199.05533,51
