 ,XM,YM,Slice
1,129.96870,333.91629,51
