 ,XM,YM,Slice
1,285.88121,202.10466,50
