 ,XM,YM,Slice
1,545.06969,269.02998,51
