 ,XM,YM,Slice
1,416.01617,121.84458,51
