 ,XM,YM,Slice
1,185.93225,148.02890,51
