 ,XM,YM,Slice
1,398.95891,183.92189,50
