 ,XM,YM,Slice
1,79.92950,219.94790,51
