 ,XM,YM,Slice
1,99.92813,213.00859,51
