 ,XM,YM,Slice
1,478.95004,209.05929,51
