 ,XM,YM,Slice
1,402.96606,428.91728,50
