 ,XM,YM,Slice
1,84.97215,280.91126,51
