 ,XM,YM,Slice
1,469.88656,398.94320,51
2,462.09311,413.05522,47
3,461.97149,414.00843,38
4,447.89194,425.81079,51
5,462.09311,413.05522,47
6,461.97149,414.00843,38
7,445.94786,439.89782,51
8,457.98782,427.99143,45
9,461.97149,414.00843,38
10,479.96540,413.99355,51
11,457.98782,427.99143,45
12,461.97149,414.00843,38
