 ,XM,YM,Slice
1,543.92503,355.03847,50
