 ,XM,YM,Slice
1,548.07324,411.05964,50
