 ,XM,YM,Slice
1,188.98757,428.16324,51
